rank,stadium,capacity,region,country,city,home_teams
1,Rungrado 1st of May Stadium,114000,East Asia,North Korea,Pyongyang,"Korea DPR national football team, Korea DPR women's national football team, April 25"
2,Michigan Stadium,107601,North America,United States,"Ann Arbor, Michigan",Michigan Wolverines football
3,Ohio Stadium,102780,North America,United States,"Columbus, Ohio",Ohio State Buckeyes football
4,Melbourne Cricket Ground,100024,Oceania,Australia,"Melbourne, Victoria","Australia national cricket team, Victoria cricket team, Melbourne Cricket Club, Melbourne Stars, Melbourne FC, Richmond FC, Collingwood FC, Hawthorn FC"
5,Camp Nou,99354,Europe,Spain,"Barcelona, Catalonia",FC Barcelona
6,FNB Stadium,94736,Africa,South Africa,"Johannesburg, Gauteng","South Africa national football team, Kaizer Chiefs"
7,New Administrative Capital Stadium,93940,Africa,Egypt,New Administrative Capital,Egypt national football team
8,Rose Bowl Stadium,92800,North America,United States,"Pasadena, California",UCLA Bruins
9,Cotton Bowl Stadium,92100,North America,United States,"Dallas, Texas",Dallas Trinity FC
10,Wembley Stadium,90000,Europe,England,"London, England",England national football team
11,Lusail Stadium,88966,West Asia,Qatar,Lusail,Qatar national football team
12,Estadio Azteca,87523,North America,Mexico,Mexico City,"Club América, Cruz Azul, Mexico national football team"
13,Bukit Jalil National Stadium,87411,Southeast Asia,Malaysia,Kuala Lumpur,Malaysia national football team
14,Borg El-Arab Stadium,86000,Africa,Egypt,Alexandria,"Egypt national football team, Al Ittihad, Smouha"
15,Estadio Santiago Bernabéu,85000,Europe,Spain,Madrid,Real Madrid
16,Estadio Mâs Monumental,84567,South America,Argentina,Buenos Aires,"Argentina national football team, River Plate"
17,Stadium Australia,83500,Oceania,Australia,"Sydney, New South Wales","South Sydney Rabbitohs, Canterbury-Bankstown Bulldogs, New South Wales Blues, New South Wales Waratahs, Australia men's national soccer team, Australia national rugby union team"
18,MetLife Stadium,82500,North America,United States,"East Rutherford, New Jersey","New York Giants, New York Jets, United States men's national soccer team"
19,Croke Park,82300,Europe,Ireland,Dublin,"Gaelic Athletic Association, Dublin GAA"
20,Jakarta International Stadium,82000,Southeast Asia,Indonesia,Jakarta,"Persija Jakarta, Indonesia national football team"
21,Lambeau Field,81441,North America,United States,"Green Bay, Wisconsin",Green Bay Packers
22,Signal Iduna Park,81365,Europe,Germany,Dortmund,Borussia Dortmund
23,Stade de France,81338,Europe,France,Saint-Denis,France national football team
24,Grand Sports Arena of the Luzhniki Olympic Complex,81000,Europe,Russia,Moscow,Unknown
25,Shah Alam Stadium,80372,Southeast Asia,Malaysia,"Shah Alam, Selangor",Selangor FA
26,Estadio Monumental,80093,South America,Peru,Lima,Club Universitario de Deportes
27,Stadio Giuseppe Meazza,80018,Europe,Italy,"Milan, Lombardy",AC Milan and Internazionale
28,Guangdong Olympic Stadium,80012,East Asia,China,"Guangzhou, Guangdong",Unknown
29,Hangzhou Olympic Sports Expo Centre Stadium,80000,East Asia,China,"Hangzhou, Zhejiang",Unknown
30,AT&T Stadium,80000,North America,United States,"Arlington, Texas","Dallas Cowboys, FC Dallas"
31,Stade des Martyrs,80000,Africa,DR Congo,Kinshasa,Congo DR national football team
32,Beijing National Stadium,80000,East Asia,China,Beijing,Unknown
33,Maracanã,78838,South America,Brazil,"Rio de Janeiro, Rio de Janeiro","CR Flamengo, Fluminense FC, Botafogo FR, CR Vasco da Gama"
34,Los Angeles Memorial Coliseum,78467,North America,United States,"Los Angeles, California",USC Trojans
35,Azadi Stadium,78116,West Asia,Iran,Tehran,"Iran national football team, Esteghlal FC, Persepolis FC"
36,Stadion Utama Gelora Bung Karno,77193,Southeast Asia,Indonesia,Jakarta,"Indonesia national football team,"
37,Caesar's Superdome,76468,North America,United States,"New Orleans, Louisiana","New Orleans Saints, Sugar Bowl"
38,Arrowhead Stadium,76412,North America,United States,"Kansas City, Missouri",Kansas City Chiefs
39,Empower Field,76125,North America,United States,Denver,Denver Broncos
40,Atatürk Olimpiyat Stadyumu,76092,Europe,Turkey,Istanbul,Unknown
41,Old Trafford,76000,Europe,England,"Manchester, North West England",Manchester United
42,Allianz Arena,75024,Europe,Germany,Munich,FC Bayern Munich
43,Naghsh-e-Jahan Stadium,75000,West Asia,Iran,Isfahan,Sepahan FC
44,Bank of America Stadium,74867,North America,United States,"Charlotte, North Carolina","Charlotte FC, Carolina Panthers"
45,Principality Stadium,74500,Europe,Wales,Cardiff,Wales national rugby union team
46,Olympiastadion,74475,Europe,Germany,Berlin,Hertha BSC
47,Cairo International Stadium,74100,Africa,Egypt,Cairo,"Egypt national football team, Al Ahly, Zamalek"
48,FirstEnergy Stadium,73200,North America,United States,Cleveland,Cleveland Browns
49,Estádio Nacional Mané Garrincha,72788,South America,Brazil,"Brasília, Distrito Federal","Brasília FC, Legião FC"
50,Stadio Olimpico,72698,Europe,Italy,"Rome, Lazio","AS Roma, Lazio"
51,Nissan Stadium,72327,East Asia,Japan,"Yokohama, Kanagawa","Yokohama F. Marinos, Yokohama Eagles"
52,NRG Stadium,72220,North America,United States,"Houston, Texas","Houston Texans, Houston Dynamo FC"
53,Shanghai Stadium,72000,East Asia,China,Shanghai,Shanghai Shenhua
54,M&T Bank Stadium,71008,North America,United States,Baltimore,Baltimore Ravens
55,Mercedes-Benz Stadium,71000,North America,United States,"Atlanta, Georgia","Atlanta United FC, Atlanta Falcons"
56,Riyadh Air Metropolitano,70692,Europe,Spain,Madrid,Atlético de Madrid
57,Olympic National Sports Complex Stadium,70000,Europe,Ukraine,Kyiv,"Ukraine national football team, FC Dynamo Kyiv"
58,SoFi Stadium,70000,North America,United States,"Inglewood, California",Unknown
59,Seoul Olympic Stadium,69950,East Asia,South Korea,Seoul,Unknown
60,Bakı Olimpiya stadionu,69870,West Asia,Azerbaijan,Baku,Azerbaijan national football team
61,Olympic Stadium,69618,Europe,Greece,"Marousi, Attica",Greece national football team
62,Prince Moulay Abdellah Stadium,68700,Africa,Morocco,Rabat,"Morocco national team, AS FAR"
63,Olympiastadion München,69250,Europe,Germany,Munich,Unknown
64,Lumen Field,69000,North America,United States,"Seattle, Washington","Seattle Sounders FC, Seattle Seahawks"
65,Estadio Olímpico Universitario,68954,North America,Mexico,Mexico City,UNAM Pumas
66,Gillette Stadium,68756,North America,United States,"Foxborough, Massachusetts","New England Patriots, New England Revolution"
67,King Abdullah Sports City Stadium,68560,West Asia,Saudi Arabia,Jeddah,"Saudi Arabia national football team, Al-Ahli Saudi FC, Al-Ittihad Saudi Club"
68,Lincoln Financial Field,68532,North America,United States,Philadelphia,"Philadelphia Eagles, Temple Owls football"
69,Levi's Stadium,68500,North America,United States,"Santa Clara, California",San Francisco 49ers
70,Acrisure Stadium,68400,North America,United States,Pittsburgh,"Pittsburgh Steelers, Pittsburgh Panthers football"
71,Gazprom Arena,68134,Europe,Russia,Saint Petersburg,FC Zenit Saint Petersburg
72,Salt Lake Stadium,68000,South Asia,India,Kolkata,"India national football team, Mohun Bagan Super Giant, East Bengal FC, Mohammedan SC"
73,National Stadium,68000,East Asia,Japan,Tokyo,Unknown
74,TIAA Bank Field,67814,North America,United States,"Jacksonville, Florida",Jacksonville Jaguars
75,Orange Vélodrome,67394,Europe,France,Marseille,Olympique de Marseille
76,Puskás Aréna,67215,Europe,Hungary,Budapest,Hungary national football team
77,Scottish Gas Murrayfield Stadium,67144,Europe,Scotland,Edinburgh,Scotland national rugby union team
78,Stade Mohammed V,67000,Africa,Morocco,Casablanca,"Wydad, Raja, Morocco national team"
79,Lucas Oil Stadium,67000,North America,United States,"Indianapolis, Indiana",Indianapolis Colts
80,MorumBIS,66975,South America,Brazil,"São Paulo, São Paulo",São Paulo FC
81,The Dome,66965,North America,United States,St. Louis,St. Louis BattleHawks
82,Yadegar-e-Emam Stadium,66833,West Asia,Iran,Tabriz,Tractor Sazi FC
83,Seoul World Cup Stadium,66704,East Asia,South Korea,Seoul,FC Seoul
84,US Bank Stadium,66655,North America,United States,Minneapolis,Minnesota Vikings
85,Daegu Stadium,66422,East Asia,South Korea,Daegu,Daegu FC
86,Workers' Stadium,66161,East Asia,China,Beijing,"Beijing Guoan, China national football team"
87,London Stadium,66000,Europe,England,London,West Ham United
88,Raymond James Stadium,65847,North America,United States,"Tampa, Florida","Tampa Bay Buccaneers, South Florida Bulls football, Tampa Bay Vipers"
89,Hard Rock Stadium,65326,North America,United States,"Miami Gardens, Florida","Miami Dolphins, Miami Hurricanes football"
90,Olympic Stadium,65255,North America,Canada,"Montreal, Quebec",CF Montréal
91,Basra International Stadium,65227,West Asia,Iraq,Basra,Iraq national football team
92,Camping World Stadium,65000,North America,United States,"Orlando, Florida",Unknown
93,Alamodome,65000,North America,United States,San Antonio,UTSA Roadrunners football
94,Ford Field,65000,North America,United States,Detroit,Detroit Lions
95,Stade Ibn Battuta,65000,Africa,Morocco,Tangier,"IR Tanger, Morocco national team"
96,Estádio do Sport Lisboa e Benfica,64642,Europe,Portugal,Lisbon,Benfica
97,Stade du 5 Juillet,64200,Africa,Algeria,Algiers,Algeria national football team
98,Castelão,63903,South America,Brazil,"Fortaleza, Ceará","Ceará SC, Fortaleza EC"
99,Saitama Stadium 2002,63700,East Asia,Japan,Saitama,"Urawa Red Diamonds, Saitama Wild Knights"
100,Ellis Park Stadium,62567,Africa,South Africa,"Johannesburg, Gauteng","Orlando Pirates FC, Emirates Johannesburg Lions"
101,Tottenham Hotspur Stadium,62303,Europe,England,London,Tottenham Hotspur
102,VELTINS-Arena,62271,Europe,Germany,Gelsenkirchen,FC Schalke 04
103,Yizhong Sports Centre Stadium,62000,East Asia,China,"Qingdao, Shandong",Qingdao Jonoon FC
104,Estádio Governador Magalhães Pinto,61846,South America,Brazil,"Belo Horizonte, Minas Gerais","Atlético Mineiro, Cruzeiro EC"
105,King Fahd International Stadium,61781,West Asia,Saudi Arabia,Riyadh,"Saudi Arabia national football team, Al-Hilal, Al-Nassr, Al-Shabab"
106,Soldier Field,61500,North America,United States,Chicago,Chicago Bears
107,Nanjing Olympic Sports Centre Stadium,61443,East Asia,China,"Nanjing, Jiangsu",Unknown
108,Anfield,61276,Europe,England,"Liverpool, England",Liverpool FC
109,Estadio Benito Villamarín,60720,Europe,Spain,Seville,Real Betis
110,Abuja Stadium,60491,Africa,Nigeria,Abuja,Nigeria national football team
111,MHPArena,60469,Europe,Germany,Stuttgart,VfB Stuttgart
112,Celtic Park,60411,Europe,Scotland,Glasgow,Celtic FC
113,Estadio de la UNSA,60370,South America,Peru,Arequipa,FBC Melgar
114,Emirates Stadium,60338,Europe,England,London,Arsenal
115,Shenzhen Universiade Sports Centre Stadium,60334,East Asia,China,"Shenzhen, Guangdong",Unknown
116,Estadio Centenario,60235,South America,Uruguay,Montevideo,Uruguay national football team
117,Estádio José do Rego Maciel,60044,South America,Brazil,"Recife, Pernambuco",Santa Cruz FC
118,Stade Léopold Sédar Senghor,60000,Africa,Senegal,Dakar,"Senegal national football team, ASC Jeanne d'Arc"
119,Al-Bayt Stadium,60000,West Asia,Qatar,Al-Khor,Unknown
120,Benjamin Mkapa National Stadium,60000,Africa,Tanzania,Dar es-Salaam,"Tanzania national football team, Young Africans"
121,Hefei Olympic Sports Centre Stadium,60000,East Asia,China,"Hefei, Anhui",Anhui Jiufang
122,Jaber al-Ahmad International Stadium,60000,West Asia,Kuwait,Kuwait City,Kuwait national football team
123,Hammadi Agrebi Stadium,60000,Africa,Tunisia,Tunis,Tunisia national football team
124,Jawaharlal Nehru Stadium,60000,South Asia,India,New Delhi,Unknown
125,Mogadishu Stadium,60000,Africa,Somalia,Mogadishu,Somalia national football team
126,National Heroes Stadium,60000,Africa,Zambia,Lusaka,Zambian national football team
127,Autzen Stadium,60000,North America,United States,"Eugene, Oregon",Unknown
128,Odi Stadium,60000,Africa,South Africa,"Mabopane, Gauteng",Unknown
129,Morodok Techo National Stadium,60000,Southeast Asia,Cambodia,Phnom Penh,Cambodia national football team
130,Shenyang Olympic Sports Centre Stadium,60000,East Asia,China,"Shenyang, Liaoning",Unknown
131,Optus Stadium,60000,Oceania,Australia,"Perth, Western Australia","Perth Glory FC, Fremantle Dockers, West Coast Eagles"
132,National Sports Stadium,60000,Africa,Zimbabwe,Harare,Zimbabwe national football team
133,Estadio Monumental Isidro Romero Carbo,59283,South America,Ecuador,Guayaquil,Barcelona Sporting Club
134,Groupama Stadium,59186,Europe,France,Décines-Charpieu,Olympique Lyonnais
135,Chongqing Olympic Sports Centre Stadium,58680,East Asia,China,Chongqing,Unknown
136,Kazimierz Górski National Stadium,58580,Europe,Poland,Warsaw,Poland national football team
137,Stadio San Nicola,58270,Europe,Italy,"Bari, Apulia",SSC Bari
138,Commanders Field,58000,North America,United States,"Landover, Maryland",Washington Commanders
139,Deutsche Bank Park,58000,Europe,Germany,Frankfurt,Eintracht Frankfurt
140,Estadio La Cartuja de Sevilla,57619,Europe,Spain,Seville,Unknown
141,Carter–Finley Stadium,57583,North America,United States,"Raleigh, North Carolina",NC State Wolfpack football
142,La Bombonera,57200,South America,Argentina,Buenos Aires,CA Boca Juniors
143,Volksparkstadion,57030,Europe,Germany,Hamburg,Hamburger SV
144,Estadio Mario Alberto Kempes,57000,South America,Argentina,Córdoba,"Talleres de Córdoba, some Belgrano de Córdoba matches."
145,Jinan Olympic Sports Centre Stadium,56808,East Asia,China,"Jinan, Shandong",Shandong Taishan
146,Estadio Jalisco,56713,North America,Mexico,"Guadalajara, Jalisco",Atlas
147,Commonwealth Stadium,56302,North America,Canada,"Edmonton, Alberta","Edmonton Elks, Canadian men's and women's national teams"
148,Dodger Stadium,56000,North America,United States,Los Angeles,Los Angeles Dodgers
149,19 May 1956 Stadium,56000,Africa,Algeria,Annaba,USM Annaba
150,Estadi Olímpic Lluís Companys,55926,Europe,Spain,"Barcelona, Catalonia",Unknown
151,El Cilindro,55880,South America,Argentina,Avellaneda,Racing
152,Arena do Grêmio,55662,South America,Brazil,"Porto Alegre, Rio Grande do Sul",Grêmio FBPA
153,Arena Națională,55634,Europe,Romania,Bucharest,Romania national football team
154,Stadion Rajko Mitić,55538,Europe,Serbia,Belgrade,"Red Star Belgrade, Serbia national football team"
155,Stadion Śląski,55211,Europe,Poland,Chorzów,"Poland national football team, Ruch Chorzów"
156,Etihad Stadium,55097,Europe,England,"Manchester, North West England",Manchester City
157,Moi International Sports Centre,55000,Africa,Kenya,Nairobi,Kenya national football team
158,Mestalla,55000,Europe,Spain,Valencia,Valencia CF
159,National Stadium,55000,Southeast Asia,Singapore,Singapore,Singapore national football team
160,National Stadium,55000,East Asia,Taiwan,Kaohsiung,Chinese Taipei national football team
161,He Long Stadium,55000,East Asia,China,"Changsha, Hunan",Unknown
162,Cape Town Stadium,55000,Africa,South Africa,"Cape Town, Western Cape","Cape Town City FC, DHL Western Cape Stormers"
163,Plovdiv Stadium,55000,Europe,Bulgaria,Plovdiv,Unknown
164,Bobby Dodd Stadium,55000,North America,United States,Atlanta,Georgia Tech Yellow Jackets football
165,Johan Cruijff Arena,54990,Europe,Netherlands,Amsterdam,AFC Ajax
166,Tianhe Stadium,54856,East Asia,China,"Guangzhou, Guangdong",Unknown
167,Stadio Diego Armando Maradona,54726,Europe,Italy,Naples,SSC Napoli
168,Tianjin Olympic Sports Centre Stadium,54696,East Asia,China,Tianjin,Tianjin Teda
169,MERKUR SPIEL-ARENA,54600,Europe,Germany,Düsseldorf,Fortuna Düsseldorf
170,Boris Paitchadze Dinamo Arena,54549,West Asia,Georgia,Tbilisi,"Georgia national football team, FC Dinamo Tbilisi"
171,Wuhan Sports Centre Stadium,54357,East Asia,China,"Wuhan, Hubei",Unknown
172,BC Place Stadium,54320,North America,Canada,"Vancouver, British Columbia","Vancouver Whitecaps FC, BC Lions"
173,Yankee Stadium,54251,North America,United States,New York City,"New York Yankees, New York City FC"
174,Hrazdan Stadium,54208,West Asia,Armenia,Yerevan,"FC Ararat Yerevan, Ulisses FC"
175,BORUSSIA-PARK,54057,Europe,Germany,Mönchengladbach,Borussia Mönchengladbach
176,Moses Mabhida Stadium,54000,Africa,South Africa,"Durban, KwaZulu-Natal","AmaZulu FC, Cell C Durban Sharks"
177,RAMS Park,53978,Europe,Turkey,Istanbul,Galatasaray
178,Busan Asiad Main Stadium,53864,East Asia,South Korea,Busan,Busan IPark
179,Estádio Estadual Jornalista Edgar Augusto Proença,53645,South America,Brazil,"Belém, Pará","Paysandu SC, Clube do Remo, Tuna Luso Brasileira, SC Belem"
180,Estadio Único Diego Armando Maradona,53600,South America,Argentina,La Plata,Unknown
181,Adelaide Oval,53500,Oceania,Australia,"Adelaide, South Australia","Adelaide Crows, Port Adelaide Power"
182,Docklands Stadium,53359,Oceania,Australia,"Melbourne, Victoria","Western Bulldogs, Essendon, St. Kilda, Carlton, North Melbourne"
183,Estádio Municipal João Havelange,53350,South America,Brazil,"Uberlândia, Minas Gerais",Uberlânia EC
184,San Mamés,53332,Europe,Spain,Bilbao,Athletic Bilbao
185,Aleppo International Stadium,53200,West Asia,Syria,Aleppo,Al-Ittihad
186,Estadio Nacional,53086,South America,Peru,Lima,Peru national football team
187,Huanglong Stadium,52672,East Asia,China,"Hangzhou, Zhejiang",Hangzhou FC
188,Suncorp Stadium,52500,Oceania,Australia,"Brisbane, Queensland","Brisbane Broncos, Queensland Maroons, Brisbane Roar FC, Queensland Reds"
189,St. James' Park,52405,Europe,England,"Newcastle upon Tyne, North East",Newcastle United
190,Kings Park Stadium,52000,Africa,South Africa,"Durban, KwaZulu-Natal","Lamontville Golden Arrows, Cell C Durban Sharks"
191,Newlands Stadium,51900,Africa,South Africa,"Cape Town, Western Cape",Unknown
192,Hampden Park,51866,Europe,Scotland,Glasgow,"Scotland national football team, Queen's Park"
193,Estadio Monumental de Maturín,51796,South America,Venezuela,Maturín,Monagas Sport Club
194,Loftus Versfeld Stadium,51762,Africa,South Africa,"Pretoria, Gauteng",SuperSport United and Vodacom Pretoria Bulls
195,Aviva Stadium,51700,Europe,Ireland,Dublin,"Leinster Rugby, Republic of Ireland national football team, Ireland national rugby union team"
196,Guiyang Olympic Sports Centre Stadium,51638,East Asia,China,"Guiyang, Guizhou",Unknown
197,Hohhot City Stadium,51632,East Asia,China,"Hohhot, Inner Mongolia",Unknown
198,Rajamangala National Stadium,51552,Southeast Asia,Thailand,Bangkok,Thailand national football team
199,Donbas Arena,51504,Europe,Ukraine,Donetsk,Unknown
200,İzmir Atatürk Stadyumu,51295,West Asia,Turkey,İzmir,"Altay SK, Göztepe AŞ"
201,Stadion Feijenoord,51117,Europe,Netherlands,Rotterdam,Feyenoord
202,Estadio BBVA,51000,North America,Mexico,Monterrey,CF Monterrey
203,Ghadir Stadium,51000,West Asia,Iran,Ahvaz,Foolad FC
204,Estádio José Pinheiro Borda,50942,South America,Brazil,Porto Alegre. Rio Grande do Sul,SC Internacional
205,Ibrox Stadium,50817,Europe,Scotland,Glasgow,Rangers FC
206,Shizuoka Stadium,50889,East Asia,Japan,"Fukuroi, Shizuoka","Júbilo Iwata, Shimizu S-Pulse, Shizuoka Blue Revs"
207,Ernst-Happel-Stadion,50865,Europe,Austria,Vienna,Austria national football team
208,Huntington Bank Stadium,50805,North America,United States,Minneapolis,Minnesota Golden Gophers football
209,Hocine Ait Ahmed Stadium,50766,Africa,Algeria,Tizi Ouzou,JS Kabylie
210,Estadio Cuauhtémoc,50754,North America,Mexico,Puebla,Puebla FC
211,Strawberry Arena,50653,Europe,Sweden,Solna,"Sweden men's national football team, AIK Fotboll"
212,Ülker Stadyumu,50509,West Asia,Turkey,Istanbul,Fenerbahçe
213,Stanford Stadium,50424,North America,United States,"Palo Alto, California",Unknown
214,Stade Pierre-Mauroy,50186,Europe,France,Villeneuve-d'Ascq,Lille OSC
215,Stade Roi Baudouin,50122,Europe,Belgium,Brussels,Belgium national football team
216,Shaanxi Province Stadium,50100,East Asia,China,"Xi'an, Shaanxi",Unknown
217,Ajinomoto Stadium,50100,East Asia,Japan,"Chofu, Tokyo","FC Tokyo, Tokyo Verdy, Tokyo Sungoliath, Toshiba Brave Lupus Tokyo"
218,Estádio José Alvalade,50095,Europe,Portugal,Lisbon,Sporting CP
219,Estádio do Dragão,50033,Europe,Portugal,Porto,FC Porto
220,Casa de Apostas Arena Fonte Nova,50025,South America,Brazil,"Salvador, Bahia",EC Bahia
221,Stade Tata Raphaël,50000,Africa,DR Congo,Kinshasa,"AS Vita Club, DC Motema Pembe"
222,Stade Olympique de Sousse,50000,Africa,Tunisia,Sousse,Étoile du Sahel
223,RheinEnergieSTADION,50000,Europe,Germany,Cologne,1. FC Köln
224,Harbin Sports City Centre Stadium,50000,East Asia,China,"Harbin, Heilongjiang",Unknown
225,Greenfield International Stadium,50000,South Asia,India,Trivandrum,Unknown
226,EMS Stadium,50000,South Asia,India,Kozhikode,"India national football team, Gokulam Kerala FC"
227,KD Singh Babu Stadium,50000,South Asia,India,Lucknow,Unknown
228,Eden Park,50000,Oceania,New Zealand,Auckland,"Auckland Blues, New Zealand Warriors"
229,Estádio 11 de Novembro,50000,Africa,Angola,Luanda,"Angola national football team, Primeiro de Agosto, Petro Luanda"
230,Henan Provincial Stadium,50000,East Asia,China,"Zhengzhou, Henan",Unknown
231,Jiangxi Olympic Sports Center,50000,East Asia,China,"Nanchang, Jiangxi",Unknown
232,Max-Morlock-Stadion,50000,Europe,Germany,Nuremberg,1. FC Nürnberg
233,June 11 Stadium,50000,Africa,Libya,Tripoli,"Libya, Al-Ahly SC, Al-Ittihad Tripoli, Al-Madina SC"
234,Xinjiang Sports Centre Stadium,50000,East Asia,China,"Urumqi, Xinjiang",Unknown
235,Kim Il-sung Stadium,50000,East Asia,North Korea,Pyongyang,Pyongyang City Sports Club
236,EDION Stadium Hiroshima,50000,East Asia,Japan,Hiroshima,Sanfrecce Hiroshima
237,Pars Shiraz Stadium,50000,West Asia,Iran,Shiraz,Fajr Sepasi Shiraz FC
238,Stade du 26 mars,50000,Africa,Mali,Bamako,Stade Malien
239,Stade Abdoulaye Wade,50000,Africa,Senegal,Dakar,Senegal national football team
240,Sultan Mizan Zainal Abidin Stadium,50000,Southeast Asia,Malaysia,Kuala Terengganu,Terengganu FA
241,Estadio Akron,49850,North America,Mexico,Guadalajara,C.D. Guadalajara
242,Levy Mwanawasa Stadium,49800,Africa,Zambia,Lusaka,Zesco United
243,Fritz-Walter-Stadion,49780,Europe,Germany,Kaiserslautern,1. FC Kaiserslautern
244,Estadio José Amalfitani,49540,South America,Argentina,Buenos Aires,CA Vélez Sársfield
245,Camille Chamoun Sports City Stadium,49500,West Asia,Lebanon,Beirut,"Lebanon national football team, Al Ahed FC, Al Ansar FC, Nejmeh SC"
246,Miyagi Stadium,49133,East Asia,Japan,"Rifu, Miyagi",Vegalta Sendai
247,Incheon Munhak Stadium,49084,East Asia,South Korea,Incheon,Unknown
248,Heinz-von-Heiden-Arena,49000,Europe,Germany,Hanover,Hannover 96
249,Parc des Princes,48712,Europe,France,Paris,Paris Saint-Germain
250,Stadium of Light,48707,Europe,England,"Sunderland, Tyne and Wear",Sunderland AFC
251,Estadio Nacional,48665,South America,Chile,Santiago,"Chile national football team, CF Universidad de Chile"
252,Nelson Mandela Bay Stadium,48459,Africa,South Africa,"Port Elizabeth, Eastern Cape",Chippa United FC
253,Estadio Tomás Adolfo Ducó,48314,South America,Argentina,Buenos Aires,CA Huracán
254,Jinnah Sports Stadium,48200,South Asia,Pakistan,Islamabad,Pakistan national football team
255,Estadio Libertadores de América,48069,South America,Argentina,Avellaneda,Club Atlético Independiente
256,Free State Stadium,48000,Africa,South Africa,"Bloemfontein, Free State","Bloemfontein Celtic, Toyota Cheetahs"
257,Nagai Stadium,47816,East Asia,Japan,Osaka,"Cerezo Osaka, NTT DoCoMo Red Hurricanes Osaka"
258,Neo Química Arena,47605,South America,Brazil,"São Paulo, São Paulo",Corinthians
259,Rogers Centre,47568,North America,Canada,"Toronto, Ontario","Toronto FC, Toronto Argonauts"
260,Estadio Monumental,47347,South America,Chile,Santiago,Colo-Colo
261,Stadio Artemio Franchi,47282,Europe,Italy,Florence,ACF Fiorentina
262,Estadio Ciudad de Lanús – Néstor Díaz Pérez,47027,South America,Argentina,Lanús,CA Lanús
263,Estadio Metropolitano Roberto Meléndez,46788,South America,Colombia,Barranquilla,"Colombia national football team, Atlético Junior"
264,Estádio Olímpico Nilton Santos,46831,South America,Brazil,"Rio de Janeiro, Rio de Janeiro",Botafogo FR
265,Itaipava Arena Pernambuco,46154,South America,Brazil,"São Lourenço da Mata, Pernambuco",Náutico
266,Arena MRV,46000,South America,Brazil,"Belo Horizonte, Minas Gerais",C Atlético Mineiro
267,Estádio Paulo Constantino,45954,South America,Brazil,"Presidente Prudente, São Paulo",Grêmio Prudente
268,Estadio Atanasio Girardot,45739,South America,Colombia,Medellín,"Atlético Nacional, Independiente Medellín"
269,Estadio Ramón Sánchez Pizjuán,45500,Europe,Spain,Seville,Sevilla FC
270,Adrar Stadium,45480,Africa,Morocco,Agadir,"Hassania Agadir, Morocco national team"
271,Lukoil Arena,45360,Europe,Russia,Moscow,Spartak Moscow
272,Grand stade de Marrakech,45240,Africa,Morocco,Marrakesh,"Kawkab Marrakech, Morocco national team"
273,Mandela National Stadium,45202,Africa,Uganda,Kampala,Uganda national football team
274,Tarczyński Arena Wrocław,45105,Europe,Poland,Wrocław,Śląsk Wrocław
275,Kazan Arena,45105,Europe,Russia,Kazan,Rubin Kazan
276,Estadio Inca Garcilaso de la Vega,45056,South America,Peru,Cusco,"CS Cienciano, Deportivo Garcilaso, Cusco FC"
277,24 February 1956 Stadium,45000,Africa,Algeria,Sidi Bel Abbès,USM Bel Abbès
278,Estádio da Machava,45000,Africa,Mozambique,Maputo,Mozambique national football team
279,Stadion Gelora Bung Tomo,45000,Southeast Asia,Indonesia,"Surabaya, East Java",Persebaya Surabaya
280,Stadion Harapan Banga,45000,Southeast Asia,Indonesia,"Banda Aceh, Aceh","Persiraja, Aceh United"
281,Estadio General Pablo Rojas,45000,South America,Paraguay,Asunción,Club Cerro Porteño
282,Latakia Sports City Stadium,45000,West Asia,Syria,Latakia,Unknown
283,Zibo Sports Centre Stadium,45000,East Asia,China,"Zibo, Shandong",Unknown
284,Weifang Sports Centre Stadium,45000,East Asia,China,"Weifang, Shandong",Unknown
285,Yantai Sports Park Stadium,45000,East Asia,China,"Yantai, Shandong",Unknown
286,Stadium Tuanku Abdul Rahman,45000,Southeast Asia,Malaysia,Seremban,"ATM FA, Negeri Sembilan"
287,Stade du Complexe sportif de Fès,45000,Africa,Morocco,Fes,"Wydad de Fès, Maghreb de Fès, Morocco national team"
288,Lagos National Stadium,45000,Africa,Nigeria,Lagos,Nigeria national football team
289,Egyptian Army Stadium,45000,Africa,Egypt,Suez,Unknown
290,Toyota Stadium,45000,East Asia,Japan,"Toyota City, Aichi","Nagoya Grampus, Toyota Verblitz"
291,Zayed Sports City Stadium,45000,West Asia,United Arab Emirates,Abu Dhabi,Unknown
292,Red Bull Arena,44345,Europe,Germany,Leipzig,RB Leipzig
293,Estádio Governador Alberto Tavares Silva,44200,South America,Brazil,Teresina,"River AC, EC Flamengo, Piauí EC, SE Tiradentes, Auto EC"
294,Estádio Universitário Pedro Pedrossian,44200,South America,Brazil,"Campo Grande, Mato Grosso do Sul","EC Comercial, Operário FC"
295,Ulsan Munsu Football Stadium,44102,East Asia,South Korea,Ulsan,Ulsan HD FC
296,Arena Pantanal,44097,South America,Brazil,"Cuiabá, Mato Grosso","Cuiabá, Mixto EC"
297,Arena da Amazônia,44000,South America,Brazil,"Manaus, Amazonas",Nacional FC
298,Suwon World Cup Stadium,43959,East Asia,South Korea,Suwon,Suwon Samsung Bluewings
299,Stadion Utama Riau,43923,Southeast Asia,Indonesia,"Pekanbaru, Riau",PSPS Pekanbaru
300,Allianz Parque,43713,South America,Brazil,"São Paulo, São Paulo",SE Palmeiras
301,Shandong Provincial Stadium,43700,East Asia,China,"Jinan, Shandong",Unknown
302,Polsat Plus Arena Gdańsk,43615,Europe,Poland,Gdańsk,Lechia Gdańsk
303,Estadio Pedro Bidegain,43494,South America,Argentina,Buenos Aires,CA San Lorenzo de Almagro
304,Stadion Miejski w Poznaniu,43269,Europe,Poland,Poznań,"Lech Poznań, Warta Poznań"
305,Vasil Levski National Stadium,43230,Europe,Bulgaria,Sofia,Bulgaria national football team
306,Estadio Universidad San Marcos,43000,South America,Peru,Lima,Deportivo Universidad San Marcos
307,Ullevi,43000,Europe,Sweden,Gothenburg,Sweden women's national football team
308,Jinzhou Binhai Sports Centre Stadium,43000,East Asia,China,Jinzhou,Unknown
309,Estadio General Santander,42901,South America,Colombia,Cúcuta,Cúcuta Deportivo
310,Villa Park,42682,Europe,England,"Birmingham, West Midlands",Aston Villa
311,Perak Stadium,42500,Southeast Asia,Malaysia,Perak,Perak FA
312,Jeonju World Cup Stadium,42477,East Asia,South Korea,Jeonju,Jeonbuk Hyundai Motors FC
313,Ligga Arena,42372,South America,Brazil,"Curitiba, Paraná",Athletico Paranaense
314,Weserstadion,42358,Europe,Germany,Bremen,SV Werder Bremen
315,Denka Big Swan Stadium,42300,East Asia,Japan,"Niigata, Niigata",Albirex Niigata
316,Estadio Olimpico Metropolitano de Mérida,42200,South America,Venezuela,Mérida,Estudiantes de Mérida
317,Daejeon World Cup Stadium,42176,East Asia,South Korea,Daejeon,Daejeon Citizen
318,Matmut ATLANTIQUE,42115,Europe,France,Bordeaux,FC Girondins de Bordeaux
319,Helsingin Olympiastadion,42062,Europe,Finland,Helsinki,Finland national football team
320,Estádio Serra Dourada,42000,South America,Brazil,"Goiânia, Goiás","Goiás Esporte Clube, Vila Nova, Atlético Goianiense"
321,Estadio Deportivo Cali,42000,South America,Colombia,Cali,Deportivo Cali
322,Estadio Modelo Alberto Spencer,42000,South America,Ecuador,Guayaquil,"Club Sport Patria, Club Deportivo Everest, Panamá Sporting Club, Rocafuerte Fútbol Club"
323,Estádio do Zimpeto,42000,Africa,Mozambique,Maputo,Mozambique national football team
324,Chengdu Sports Centre Stadium,42000,East Asia,China,"Chengdu, Sichuan",Unknown
325,Royal Bafokeng Stadium,42000,Africa,South Africa,"Phokeng, North West",Unknown
326,Estadio Universitario,42000,North America,Mexico,San Nicolás de los Garza,Tigres de la UANL
327,Estadio Brigadier General Estanislao López,42000,South America,Argentina,Santa Fe,Club Atlético Colón
328,Estadio Marcelo Bielsa,42000,South America,Argentina,Rosario,Newell's Old Boys
329,Stade Geoffroy-Guichard,41965,Europe,France,Saint-Étienne,AS Saint-Étienne
330,Vodafone Park,41903,Europe,Turkey,Istanbul,Beşiktaş J.K.
331,Peter Mokaba Stadium,41733,Africa,South Africa,Polokwane,Polokwane City FC
332,Estadio Gigante de Arroyito,41654,South America,Argentina,Rosario,Rosario Central
333,Estadio Cachamay,41600,South America,Venezuela,Ciudad Guayana,"Atlético Club Mineros de Guayana, AC Minervén FC"
334,Estadio de Liga Deportiva Universitaria,41596,South America,Ecuador,Quito,LDU
335,Allianz Stadium,41507,Europe,Italy,"Turin, Piedmont",Juventus FC
336,Sapporo Dome,41484,East Asia,Japan,"Sapporo, Hokkaido",Hokkaido Consadole Sapporo
337,Stamford Bridge,41663,Europe,England,London,Chelsea
338,Goyang Stadium,41311,East Asia,South Korea,Goyang,Unknown
339,Estadio Hernando Siles,41143,South America,Bolivia,La Paz,"La Paz FC, Club Bolívar, The Strongest"
340,Bingu National Stadium,41100,Africa,Malawi,Lilongwe,"Flames, Big Bullets FC"
341,Mbombela Stadium,40929,Africa,South Africa,"Nelspruit, Mpumalanga",Unknown
342,Estadio José Pachencho Romero,40800,South America,Venezuela,Maracaibo,"Deportivo JBL del Zulia, Deportivo Rayo Zuliano"
343,Stade Nelson Mandela,40784,Africa,Algeria,Algiers,Algeria national football team
344,Kashima Football Stadium,40728,East Asia,Japan,"Kashima, Ibaraki",Kashima Antlers
345,Baba Yara Stadium,40528,Africa,Ghana,Kumasi,"Asante Kotoko, King Faisal Babes"
346,Estádio Major Antônio Couto Pereira,40502,South America,Brazil,"Curitiba, Paraná",Coritiba Foot Ball Club
347,Stage Front Stadium,40500,Europe,Spain,Barcelona,RCD Espanyol
348,Estadio Metropolitano de fútbol de Lara,40312,South America,Venezuela,Barquisimeto,Unión Lara
349,Estadio Malvinas Argentinas,40268,South America,Argentina,Mendoza,Godoy Cruz Antonio Tomba
350,Stadion Lukas Enembe,40263,Southeast Asia,Indonesia,Nolokla,Persipura Jayapura
351,Gwangju World Cup Stadium,40245,East Asia,South Korea,Gwangju,Gwangju FC
352,Sân vận động Quốc gia Mỹ Đình,40192,Southeast Asia,Vietnam,Hanoi,Vietnam national football team
353,Goodison Park,40157,Europe,England,"Liverpool, North West",Everton FC
354,Estádio Governador João Castelo,40149,South America,Brazil,"São Luís, Maranhão","Sampaio Corrêa FC, Moto Club SL, Maranhão AC"
355,Miloud Hadefi Stadium,40143,Africa,Algeria,Oran,"Algeria national football team, MC Oran"
356,Estadio Campeón del Siglo,40005,South America,Uruguay,Montevideo,Club Atlético Peñarol
357,Metalist Stadium,40003,Europe,Ukraine,Kharkiv,"FC Metalist Kharkiv, FC Shakhtar Donetsk"
358,Al-Janoub Stadium,40000,West Asia,Qatar,Al-Wakrah,Unknown
359,Al-Thumama Stadium,40000,West Asia,Qatar,Al-Thumama,Unknown
360,Ahmed Zabana Stadium,40000,Africa,Algeria,Oran,MC Oran
361,Stadion Batakan,40000,Southeast Asia,Indonesia,"Balikpapan, East Kalimantan",Persiba Balikpapan
362,Ali La Pointe Stadium,40000,Africa,Algeria,Algiers,MC Alger
363,Stadion Gelora Joko Samudro,40000,Southeast Asia,Indonesia,"Gresik, East Java",Gresik United
364,Fisht Olympic Stadium,40000,Europe,Russia,Sochi,Unknown
365,Rentschler Field,40000,North America,United States,"East Hartford, Connecticut",Unknown
366,Jawaharlal Nehru Stadium,40000,South Asia,India,Kochi,"Kerala Blasters, India national football team"
367,Hang Jebat Stadium,40000,Southeast Asia,Malaysia,Malacca,Melaka United
368,Hong Kong Stadium,40000,East Asia,Hong Kong,So Kon Po,South China AA
369,Stadium Negeri Pulau Pinang,40000,Southeast Asia,Malaysia,Batu Kawan,Penang FA
370,Accra Sports Stadium,40000,Africa,Ghana,Accra,"Accra Hearts of Oak SC, Great Olympics"
371,Sarawak Stadium,40000,Southeast Asia,Malaysia,Kuching,Sarawak FA
372,Bogyoke Aung San Stadium,40000,Southeast Asia,Myanmar,Yangon,Yangon United FC
373,Resonac Dome Ōita,40000,East Asia,Japan,Ōita,Ōita Trinita
374,Stadium Darul Makmur,40000,Southeast Asia,Malaysia,Kuantan,Pahang FA
375,Khalifa International Stadium,40000,West Asia,Qatar,Doha,Qatar national football team
376,Stade de l’Amitié sino-gabonaise,40000,Africa,Gabon,Libreville,Gabon national football team
377,Peoples Football Stadium,40000,South Asia,Pakistan,Karachi,Pakistan national football team
378,JRD Tata Sports Complex Stadium,40000,South Asia,India,Jamshedpur,"Jamshedpur FC, Tata Football Academy"
379,Bao'an Stadium,40000,East Asia,China,"Shenzhen, Guangdong",Unknown
380,Kunming Tuodong Sports Centre Stadium,40000,East Asia,China,"Kunming, Yunnan",China national football team
381,Taizhou Sports Centre Stadium,40000,East Asia,China,"Taizhou, Zhejiang",Unknown
382,Wuhu Olympic Stadium,40000,East Asia,China,"Wuhu, Anhui",Unknown
383,Huizhou Olympic Stadium,40000,East Asia,China,"Huizhou, Guangdong",Unknown
